-- ============================================================
--  보드게임 카페 키오스크 — 더미 데이터 (board_cafe_kiosk_2603)
--  생성일: 2026-03-26
--  순서: FK 의존 관계에 따라 정렬
-- ============================================================

USE `board_cafe_kiosk_2603`;

-- ============================================================
-- 1. manager (관리자·직원)
-- ============================================================
INSERT INTO `manager` (`login_id`, `password`, `name`, `role`, `is_active`)
VALUES ('admin', '1111', '김민준', 'ADMIN', TRUE),
       ('staff01', '1111', '이서연', 'STAFF', TRUE),
       ('staff02', '1111', '박지호', 'STAFF', TRUE),
       ('staff03', '1111', '최유나', 'STAFF', FALSE);

-- ============================================================
-- 2. cafe_table (물리적 테이블 8개)
-- ============================================================
INSERT INTO `cafe_table` (`table_number`, `password`, `status`, `access_token`, `current_session_id`)
VALUES (1, 'table1234', 'OCCUPIED', 'a1b2c3d4-e5f6-7890-abcd-ef1234567801', NULL),
       (2, 'table1234', 'OCCUPIED', 'a1b2c3d4-e5f6-7890-abcd-ef1234567802', NULL),
       (3, 'table1234', 'EMPTY', 'a1b2c3d4-e5f6-7890-abcd-ef1234567803', NULL),
       (4, 'table1234', 'EMPTY', 'a1b2c3d4-e5f6-7890-abcd-ef1234567804', NULL),
       (5, 'table1234', 'OCCUPIED', 'a1b2c3d4-e5f6-7890-abcd-ef1234567805', NULL),
       (6, 'table1234', 'CLEANING', 'a1b2c3d4-e5f6-7890-abcd-ef1234567806', NULL),
       (7, 'table1234', 'EMPTY', 'a1b2c3d4-e5f6-7890-abcd-ef1234567807', NULL),
       (8, 'table1234', 'OCCUPIED', 'a1b2c3d4-e5f6-7890-abcd-ef1234567808', NULL);

-- ============================================================
-- 3. customer (등록 고객)
-- ============================================================
INSERT INTO `customer` (`phone`, `is_active`)
VALUES ('010-1234-5678', TRUE),
       ('010-2345-6789', TRUE),
       ('010-3456-7890', TRUE),
       ('010-4567-8901', TRUE),
       ('010-5678-9012', TRUE),
       ('010-6789-0123', TRUE),
       ('010-7890-1234', FALSE);

-- ============================================================
-- 4. category (카테고리)
-- ============================================================
INSERT INTO `category` (`name`, `type`)
VALUES ('커피·에스프레소', 'DRINK'), -- 1
       ('논커피·에이드', 'DRINK'),  -- 2
       ('스낵·과자', 'FOOD'),     -- 3
       ('식사류', 'FOOD'),       -- 4
       ('전략 게임', 'GAME'),     -- 5
       ('파티 게임', 'GAME'),     -- 6
       ('협력 게임', 'GAME'),     -- 7
       ('추가 인원', 'GUEST');
-- 8

-- ============================================================
-- 21. cafe_package (요금 정책)
-- ============================================================
INSERT INTO `cafe_package` (`name`, `type`, `duration_minutes`, `base_price`, `extra_price_per_min`, `is_active`)
VALUES ('1시간 패키지', 'HOURLY', 60, 5000, NULL, TRUE),
       ('2시간 패키지', 'FIXED_TIME', 120, 8000, NULL, TRUE),
       ('3시간 패키지', 'FIXED_TIME', 180, 11000, NULL, TRUE),
       ('종일 자유이용권', 'FREE', NULL, 15000, NULL, TRUE),
       ('초과 시간 요금', 'HOURLY', 60, 2000, 35.00, FALSE);

-- ============================================================
-- 11. table_session (이용 세션)
-- ============================================================
INSERT INTO `table_session` (`table_id`, `package_id`, `initial_guest_cnt`, `check_in_time`, `check_out_time`,
                             `is_active`, `total_amount`)
VALUES (1, 2, 2, '2026-03-25 13:00:00', '2026-03-25 15:10:00', FALSE, 24500), -- 1
       (2, 3, 4, '2026-03-25 15:30:00', '2026-03-25 18:45:00', FALSE, 58000), -- 2
       (3, 1, 1, '2026-03-25 17:00:00', '2026-03-25 18:05:00', FALSE, 7500),  -- 3
       (5, 2, 3, '2026-03-25 19:00:00', '2026-03-25 21:15:00', FALSE, 35000), -- 4
       (8, 4, 5, '2026-03-25 11:00:00', '2026-03-25 23:00:00', FALSE, 95000), -- 5
       (1, 2, 2, '2026-03-26 13:30:00', NULL, TRUE, 0),                       -- 6
       (2, 3, 3, '2026-03-26 14:00:00', NULL, TRUE, 0),                       -- 7
       (5, 1, 2, '2026-03-26 15:00:00', NULL, TRUE, 0),                       -- 8
       (8, 2, 4, '2026-03-26 12:00:00', NULL, TRUE, 0);
-- 9

-- 세션 연결 업데이트
UPDATE `cafe_table`
SET `current_session_id` = 6
WHERE `table_number` = 1;
UPDATE `cafe_table`
SET `current_session_id` = 7
WHERE `table_number` = 2;
UPDATE `cafe_table`
SET `current_session_id` = 8
WHERE `table_number` = 5;
UPDATE `cafe_table`
SET `current_session_id` = 9
WHERE `table_number` = 8;

-- ============================================================
-- 5. menu (음식·음료 + 추가인원 상품)
-- ============================================================
INSERT INTO `menu` (`category_id`, `name`, `price`, `description`, `is_available`)
VALUES (1, '아메리카노', 3000, '깔끔하고 진한 에스프레소 베이스', TRUE),   -- 1
       (1, '카페라떼', 3500, '우유와 에스프레소의 조화', TRUE),        -- 2
       (1, '카푸치노', 3500, '풍성한 우유 거품과 에스프레소', TRUE),     -- 3
       (1, '바닐라라떼', 4000, '달콤한 바닐라 시럽 추가', TRUE),       -- 4
       (2, '레몬에이드', 4000, '상큼한 국산 레몬 착즙', TRUE),        -- 5
       (2, '자몽에이드', 4000, '달콤 쌉싸름한 자몽 에이드', TRUE),      -- 6
       (2, '녹차라떼', 3500, '국내산 말차 분말 사용', TRUE),         -- 7
       (2, '유자차', 3500, '따뜻하게도 아이스로도', TRUE),           -- 8
       (3, '팝콘 (오리지널)', 2000, '고소한 버터 팝콘', TRUE),       -- 9
       (3, '팝콘 (카라멜)', 2500, '달콤한 카라멜 코팅', TRUE),       -- 10
       (3, '나초 + 살사소스', 3000, '바삭한 나초와 살사소스 콤보', TRUE), -- 11
       (3, '믹스 너트', 3500, '7가지 프리미엄 너트 혼합', TRUE),      -- 12
       (4, '토스트 세트', 5000, '계란 토스트 + 음료 세트', TRUE),     -- 13
       (4, '컵라면', 1500, '신라면·짜파게티 선택 가능', TRUE),        -- 14
       (4, '핫도그', 3000, '국산 돼지고기 소시지 사용', FALSE),       -- 15
       (8, '인원 추가 (1명)', 5000, '기본 패키지 인당 추가 요금', TRUE);
-- 16

-- [게임/대여/장바구니/메시지 데이터는 논리적으로 완벽하여 생략 후 order_item 부분으로 넘어감]
-- (실제 실행 시에는 보내주신 원본의 6, 7, 8, 9, 10 섹션을 그대로 넣으시면 됩니다.)

-- (중간 생략: game, game_item, cart, cart_item, macro_message 삽입)

-- ============================================================
-- 12. orders (주문 헤더)
-- ============================================================
INSERT INTO `orders` (`session_id`, `table_id`, `customer_phone`, `status`, `total_amount`, `ordered_at`)
VALUES (1, 1, '010-1234-5678', 'COMPLETED', 13000, '2026-03-25 13:10:00'), -- id=1
       (1, 1, '010-1234-5678', 'COMPLETED', 7500, '2026-03-25 14:00:00'),  -- id=2
       (2, 2, '010-2345-6789', 'COMPLETED', 34000, '2026-03-25 15:45:00'), -- id=3
       (2, 2, NULL, 'COMPLETED', 10000, '2026-03-25 17:00:00'),            -- id=4
       (3, 3, '010-3456-7890', 'COMPLETED', 5000, '2026-03-25 17:10:00'),  -- id=5
       (4, 5, '010-4567-8901', 'COMPLETED', 21500, '2026-03-25 19:15:00'), -- id=6
       (5, 8, NULL, 'COMPLETED', 42000, '2026-03-25 12:00:00'),            -- id=7
       (6, 1, '010-1234-5678', 'COMPLETED', 10000, '2026-03-26 13:40:00'), -- id=8
       (7, 2, '010-5678-9012', 'COMPLETED', 15500, '2026-03-26 14:20:00'), -- id=9
       (8, 5, NULL, 'COOKING', 7000, '2026-03-26 15:10:00'),               -- id=10
       (9, 8, '010-6789-0123', 'PENDING', 21000, '2026-03-26 12:30:00');
-- id=11

-- ============================================================
-- 13. order_item (주문 상세 항목)
-- ============================================================
INSERT INTO `order_item` (`order_id`, `menu_id`, `menu_name`, `price`, `quantity`)
VALUES (1, 1, '아메리카노', 3000, 2),
       (1, 9, '팝콘 (오리지널)', 2000, 1),
       (1, 13, '토스트 세트', 5000, 1),
       (2, 5, '레몬에이드', 4000, 1),
       (2, 12, '믹스 너트', 3500, 1),
       (3, 2, '카페라떼', 3500, 4),
       (3, 10, '팝콘 (카라멜)', 2500, 2),
       (3, 13, '토스트 세트', 5000, 3),
       (4, 7, '녹차라떼', 3500, 2),
       (4, 14, '컵라면', 1500, 2),
       (5, 1, '아메리카노', 3000, 1),
       (5, 9, '팝콘 (오리지널)', 2000, 1),
       (6, 3, '카푸치노', 3500, 3),
       (6, 11, '나초 + 살사소스', 3000, 2),
       (6, 16, '인원 추가 (1명)', 5000, 1),
       (7, 4, '바닐라라떼', 4000, 4),
       (7, 9, '팝콘 (오리지널)', 2000, 5),
       (7, 13, '토스트 세트', 5000, 4),
       (8, 1, '아메리카노', 3000, 2),
       (8, 6, '자몽에이드', 4000, 1),
       (9, 2, '카페라떼', 3500, 3),
       (9, 13, '토스트 세트', 5000, 1),
       (10, 5, '레몬에이드', 4000, 1), -- id=10번 주문 항목 추가
       (10, 14, '컵라면', 1500, 2),
       (11, 4, '바닐라라떼', 4000, 4), -- id=11번 주문 항목 수정
       (11, 10, '팝콘 (카라멜)', 2500, 2);

-- (이후 결제, 포인트, 통계 섹션은 원본 유지 가능)